Timestamp,UTC,Callsign,Position,Altitude,Speed,Direction
1770484256,2026-02-07T17:10:56Z,AAL1189,"36.128887,-86.671219",0,0,84
1770485129,2026-02-07T17:25:29Z,AAL1189,"36.128342,-86.671906",0,3,306
1770485416,2026-02-07T17:30:16Z,AAL1189,"36.127609,-86.677513",0,0,312
1770485425,2026-02-07T17:30:25Z,AAL1189,"36.127888,-86.677864",0,10,315
1770485433,2026-02-07T17:30:33Z,AAL1189,"36.128208,-86.678284",0,12,315
1770485444,2026-02-07T17:30:44Z,AAL1189,"36.128586,-86.678795",0,12,312
1770485453,2026-02-07T17:30:53Z,AAL1189,"36.128941,-86.679268",0,12,315
1770485458,2026-02-07T17:30:58Z,AAL1189,"36.129101,-86.679497",0,12,312
1770485561,2026-02-07T17:32:41Z,AAL1189,"36.121277,-86.682976",0,18,196
1770485633,2026-02-07T17:33:53Z,AAL1189,"36.117435,-86.685081",0,0,286
1770485667,2026-02-07T17:34:27Z,AAL1189,"36.117809,-86.686264",0,10,306
1770485674,2026-02-07T17:34:34Z,AAL1189,"36.118065,-86.686348",0,8,351
1770485684,2026-02-07T17:34:44Z,AAL1189,"36.118275,-86.686264",0,2,16
1770485716,2026-02-07T17:35:16Z,AAL1189,"36.118492,-86.686165",0,3,19
1770485727,2026-02-07T17:35:27Z,AAL1189,"36.119778,-86.685677",0,49,16
1770485732,2026-02-07T17:35:32Z,AAL1189,"36.121208,-86.685097",0,72,16
1770485734,2026-02-07T17:35:34Z,AAL1189,"36.121861,-86.68483",0,82,16
1770485739,2026-02-07T17:35:39Z,AAL1189,"36.124302,-86.683884",225,95,17
1770485742,2026-02-07T17:35:42Z,AAL1189,"36.125839,-86.683273",225,95,17
1770485755,2026-02-07T17:35:55Z,AAL1189,"36.133659,-86.68026",400,142,17
1770485761,2026-02-07T17:36:01Z,AAL1189,"36.1371,-86.678986",625,141,16
1770485773,2026-02-07T17:36:13Z,AAL1189,"36.144562,-86.676346",1150,140,16
1770485784,2026-02-07T17:36:24Z,AAL1189,"36.151257,-86.673363",1600,143,25
1770485788,2026-02-07T17:36:28Z,AAL1189,"36.153912,-86.671494",1725,147,31
1770485794,2026-02-07T17:36:34Z,AAL1189,"36.157078,-86.668335",1900,154,41
1770485800,2026-02-07T17:36:40Z,AAL1189,"36.160172,-86.664505",2100,159,45
1770485806,2026-02-07T17:36:46Z,AAL1189,"36.163269,-86.660507",2250,167,47
1770485812,2026-02-07T17:36:52Z,AAL1189,"36.166443,-86.655922",2400,174,51
1770485817,2026-02-07T17:36:57Z,AAL1189,"36.168667,-86.651855",2550,180,57
1770485823,2026-02-07T17:37:03Z,AAL1189,"36.1707,-86.646027",2725,188,71
1770485825,2026-02-07T17:37:05Z,AAL1189,"36.171295,-86.643158",2800,191,75
1770485828,2026-02-07T17:37:08Z,AAL1189,"36.1716,-86.64093",2850,196,81
1770485830,2026-02-07T17:37:10Z,AAL1189,"36.171833,-86.637421",2925,199,85
1770485833,2026-02-07T17:37:13Z,AAL1189,"36.171787,-86.634972",2950,205,91
1770485836,2026-02-07T17:37:16Z,AAL1189,"36.171478,-86.631317",3025,208,95
1770485838,2026-02-07T17:37:18Z,AAL1189,"36.171112,-86.629028",3050,215,101
1770485840,2026-02-07T17:37:20Z,AAL1189,"36.170654,-86.626854",3075,219,106
1770485842,2026-02-07T17:37:22Z,AAL1189,"36.169922,-86.624336",3125,223,110
1770485845,2026-02-07T17:37:25Z,AAL1189,"36.168434,-86.620476",3200,227,115
1770485847,2026-02-07T17:37:27Z,AAL1189,"36.167271,-86.618019",3275,233,121
1770485849,2026-02-07T17:37:29Z,AAL1189,"36.16592,-86.615746",3325,237,125
1770485851,2026-02-07T17:37:31Z,AAL1189,"36.164524,-86.613579",3400,240,129
1770485853,2026-02-07T17:37:33Z,AAL1189,"36.162964,-86.611519",3475,246,134
1770485855,2026-02-07T17:37:35Z,AAL1189,"36.160904,-86.609055",3550,249,136
1770485858,2026-02-07T17:37:38Z,AAL1189,"36.158894,-86.606857",3625,252,139
1770485861,2026-02-07T17:37:41Z,AAL1189,"36.156235,-86.604424",3700,256,143
1770485863,2026-02-07T17:37:43Z,AAL1189,"36.153866,-86.602654",3775,260,149
1770485865,2026-02-07T17:37:45Z,AAL1189,"36.151428,-86.601219",3850,263,154
1770485868,2026-02-07T17:37:48Z,AAL1189,"36.149139,-86.600128",3925,266,160
1770485870,2026-02-07T17:37:50Z,AAL1189,"36.145432,-86.598755",4050,269,164
1770485872,2026-02-07T17:37:52Z,AAL1189,"36.143063,-86.598152",4125,272,167
1770485874,2026-02-07T17:37:54Z,AAL1189,"36.140305,-86.597672",4225,274,170
1770485877,2026-02-07T17:37:57Z,AAL1189,"36.137375,-86.597328",4300,276,173
1770485879,2026-02-07T17:37:59Z,AAL1189,"36.133846,-86.59716",4400,280,177
1770485882,2026-02-07T17:38:02Z,AAL1189,"36.131241,-86.597214",4475,282,182
1770485884,2026-02-07T17:38:04Z,AAL1189,"36.128632,-86.59745",4575,282,185
1770485886,2026-02-07T17:38:06Z,AAL1189,"36.125004,-86.597977",4725,283,187
1770485888,2026-02-07T17:38:08Z,AAL1189,"36.122406,-86.598419",4825,283,187
1770485890,2026-02-07T17:38:10Z,AAL1189,"36.119247,-86.598984",4925,284,188
1770485892,2026-02-07T17:38:12Z,AAL1189,"36.116501,-86.599564",5025,286,188
1770485895,2026-02-07T17:38:15Z,AAL1189,"36.113457,-86.600197",5125,288,189
1770485898,2026-02-07T17:38:18Z,AAL1189,"36.110432,-86.600845",5225,291,190
1770485900,2026-02-07T17:38:20Z,AAL1189,"36.107895,-86.601448",5325,292,191
1770485902,2026-02-07T17:38:22Z,AAL1189,"36.103775,-86.602478",5450,292,191
1770485904,2026-02-07T17:38:24Z,AAL1189,"36.100708,-86.603279",5550,294,191
1770485907,2026-02-07T17:38:27Z,AAL1189,"36.098145,-86.603912",5650,296,191
1770485909,2026-02-07T17:38:29Z,AAL1189,"36.09507,-86.604698",5750,296,192
1770485911,2026-02-07T17:38:31Z,AAL1189,"36.092377,-86.605453",5850,297,192
1770485913,2026-02-07T17:38:33Z,AAL1189,"36.089809,-86.606163",5950,297,193
1770485924,2026-02-07T17:38:44Z,AAL1189,"36.074165,-86.611069",6650,297,194
1770485935,2026-02-07T17:38:55Z,AAL1189,"36.059319,-86.616035",7250,300,195
1770485953,2026-02-07T17:39:13Z,AAL1189,"36.035622,-86.624039",8000,311,195
1770485964,2026-02-07T17:39:24Z,AAL1189,"36.019932,-86.629181",8475,317,194
1770485981,2026-02-07T17:39:41Z,AAL1189,"35.995651,-86.636871",9450,317,194
1770485992,2026-02-07T17:39:52Z,AAL1189,"35.979721,-86.64196",9950,323,194
1770486004,2026-02-07T17:40:04Z,AAL1189,"35.961273,-86.647911",10275,339,194
1770486021,2026-02-07T17:40:21Z,AAL1189,"35.934219,-86.656555",10550,363,194
1770486032,2026-02-07T17:40:32Z,AAL1189,"35.915798,-86.662315",10725,379,194
1770486049,2026-02-07T17:40:49Z,AAL1189,"35.885376,-86.671829",11000,400,194
1770486060,2026-02-07T17:41:00Z,AAL1189,"35.866287,-86.677719",11175,413,194
1770486073,2026-02-07T17:41:13Z,AAL1189,"35.842026,-86.685165",11425,425,194
1770486090,2026-02-07T17:41:30Z,AAL1189,"35.809433,-86.695175",11975,435,193
1770486101,2026-02-07T17:41:41Z,AAL1189,"35.787231,-86.701981",12450,438,194
1770486134,2026-02-07T17:42:14Z,AAL1189,"35.722366,-86.721954",13950,439,194
1770486166,2026-02-07T17:42:46Z,AAL1189,"35.6586,-86.741699",15025,449,194
1770486199,2026-02-07T17:43:19Z,AAL1189,"35.590714,-86.762527",16150,457,194
1770486230,2026-02-07T17:43:50Z,AAL1189,"35.525597,-86.777092",17175,472,184
1770486232,2026-02-07T17:43:52Z,AAL1189,"35.522324,-86.777405",17225,473,183
1770486234,2026-02-07T17:43:54Z,AAL1189,"35.516609,-86.777794",17300,473,183
1770486236,2026-02-07T17:43:56Z,AAL1189,"35.512482,-86.778091",17375,474,183
1770486238,2026-02-07T17:43:58Z,AAL1189,"35.507858,-86.778427",17450,474,183
1770486271,2026-02-07T17:44:31Z,AAL1189,"35.435211,-86.783295",18550,478,183
1770486303,2026-02-07T17:45:03Z,AAL1189,"35.364525,-86.788132",19625,481,183
1770486328,2026-02-07T17:45:28Z,AAL1189,"35.307686,-86.791992",20500,480,183
1770486361,2026-02-07T17:46:01Z,AAL1189,"35.236458,-86.796783",21600,479,183
1770486394,2026-02-07T17:46:34Z,AAL1189,"35.161652,-86.801834",22450,485,183
1770486427,2026-02-07T17:47:07Z,AAL1189,"35.087952,-86.8069",23250,488,183
1770486459,2026-02-07T17:47:39Z,AAL1189,"35.013702,-86.812622",23975,494,183
1770486492,2026-02-07T17:48:12Z,AAL1189,"34.939083,-86.818886",24500,502,184
1770486525,2026-02-07T17:48:45Z,AAL1189,"34.861992,-86.82518",25050,508,183
1770486557,2026-02-07T17:49:17Z,AAL1189,"34.786194,-86.830276",25750,509,183
1770486582,2026-02-07T17:49:42Z,AAL1189,"34.727188,-86.834427",26400,507,183
1770486614,2026-02-07T17:50:14Z,AAL1189,"34.650787,-86.839371",27200,508,182
1770486649,2026-02-07T17:50:49Z,AAL1189,"34.570717,-86.843719",28200,503,182
1770486681,2026-02-07T17:51:21Z,AAL1189,"34.496475,-86.848099",29150,496,182
1770486708,2026-02-07T17:51:48Z,AAL1189,"34.433434,-86.84864",29975,502,174
1770486710,2026-02-07T17:51:50Z,AAL1189,"34.427616,-86.847954",30050,501,174
1770486713,2026-02-07T17:51:53Z,AAL1189,"34.423004,-86.847267",30100,502,173
1770486715,2026-02-07T17:51:55Z,AAL1189,"34.418381,-86.846535",30175,503,172
1770486717,2026-02-07T17:51:57Z,AAL1189,"34.413757,-86.845688",30225,504,171
1770486719,2026-02-07T17:51:59Z,AAL1189,"34.408714,-86.844635",30300,504,170
1770486721,2026-02-07T17:52:01Z,AAL1189,"34.402725,-86.843224",30350,505,169
1770486723,2026-02-07T17:52:03Z,AAL1189,"34.398605,-86.842216",30400,506,167
1770486725,2026-02-07T17:52:05Z,AAL1189,"34.392883,-86.840591",30450,507,166
1770486728,2026-02-07T17:52:08Z,AAL1189,"34.388092,-86.839081",30500,509,165
1770486730,2026-02-07T17:52:10Z,AAL1189,"34.383297,-86.837479",30525,510,164
1770486732,2026-02-07T17:52:12Z,AAL1189,"34.378967,-86.835938",30575,511,163
1770486734,2026-02-07T17:52:14Z,AAL1189,"34.374664,-86.834259",30600,513,161
1770486736,2026-02-07T17:52:16Z,AAL1189,"34.36882,-86.831757",30650,514,160
1770486738,2026-02-07T17:52:18Z,AAL1189,"34.365234,-86.830154",30675,516,159
1770486740,2026-02-07T17:52:20Z,AAL1189,"34.361023,-86.828148",30700,517,158
1770486742,2026-02-07T17:52:22Z,AAL1189,"34.35527,-86.82518",30750,519,156
1770486744,2026-02-07T17:52:24Z,AAL1189,"34.350449,-86.82254",30775,520,155
1770486747,2026-02-07T17:52:27Z,AAL1189,"34.346512,-86.820297",30800,522,154
1770486749,2026-02-07T17:52:29Z,AAL1189,"34.34177,-86.817398",30850,523,152
1770486751,2026-02-07T17:52:31Z,AAL1189,"34.337677,-86.814804",30875,524,151
1770486753,2026-02-07T17:52:33Z,AAL1189,"34.332367,-86.811218",30925,525,150
1770486755,2026-02-07T17:52:35Z,AAL1189,"34.328411,-86.808411",30950,526,149
1770486757,2026-02-07T17:52:37Z,AAL1189,"34.324219,-86.805275",30975,527,148
1770486759,2026-02-07T17:52:39Z,AAL1189,"34.319332,-86.801437",31025,528,146
1770486761,2026-02-07T17:52:41Z,AAL1189,"34.315655,-86.798462",31050,529,145
1770486764,2026-02-07T17:52:44Z,AAL1189,"34.310677,-86.794113",31100,529,144
1770486766,2026-02-07T17:52:46Z,AAL1189,"34.306961,-86.790756",31125,531,143
1770486768,2026-02-07T17:52:48Z,AAL1189,"34.302063,-86.786278",31175,531,142
1770486770,2026-02-07T17:52:50Z,AAL1189,"34.298153,-86.782669",31200,531,142
1770486772,2026-02-07T17:52:52Z,AAL1189,"34.293499,-86.778259",31250,531,142
1770486774,2026-02-07T17:52:54Z,AAL1189,"34.290344,-86.775345",31275,532,142
1770486776,2026-02-07T17:52:56Z,AAL1189,"34.286655,-86.771851",31300,532,142
1770486811,2026-02-07T17:53:31Z,AAL1189,"34.218842,-86.708588",31875,538,142
1770486843,2026-02-07T17:54:03Z,AAL1189,"34.154167,-86.648422",32400,541,142
1770486877,2026-02-07T17:54:37Z,AAL1189,"34.087967,-86.586731",32950,543,142
1770486904,2026-02-07T17:55:04Z,AAL1189,"34.032394,-86.535049",33525,543,142
1770486935,2026-02-07T17:55:35Z,AAL1189,"33.972839,-86.479836",34175,540,142
1770486968,2026-02-07T17:56:08Z,AAL1189,"33.905811,-86.41777",34900,538,142
1770487000,2026-02-07T17:56:40Z,AAL1189,"33.842731,-86.359467",35600,534,142
1770487034,2026-02-07T17:57:14Z,AAL1189,"33.777279,-86.299042",36225,532,142
1770487062,2026-02-07T17:57:42Z,AAL1189,"33.722813,-86.248856",36525,534,142
1770487096,2026-02-07T17:58:16Z,AAL1189,"33.655125,-86.186714",36875,537,142
1770487129,2026-02-07T17:58:49Z,AAL1189,"33.590374,-86.12709",37000,545,142
1770487162,2026-02-07T17:59:22Z,AAL1189,"33.523476,-86.065887",37000,546,142
1770487188,2026-02-07T17:59:48Z,AAL1189,"33.470734,-86.017677",37025,545,142
1770487220,2026-02-07T18:00:20Z,AAL1189,"33.406769,-85.959328",37000,545,142
1770487253,2026-02-07T18:00:53Z,AAL1189,"33.341179,-85.899803",37000,545,142
1770487285,2026-02-07T18:01:25Z,AAL1189,"33.276566,-85.840668",37000,544,142
1770487318,2026-02-07T18:01:58Z,AAL1189,"33.210133,-85.780518",37000,545,142
1770487346,2026-02-07T18:02:26Z,AAL1189,"33.153809,-85.729507",37025,544,142
1770487380,2026-02-07T18:03:00Z,AAL1189,"33.085236,-85.667297",37000,544,142
1770487415,2026-02-07T18:03:35Z,AAL1189,"33.016617,-85.605362",37000,544,142
1770487449,2026-02-07T18:04:09Z,AAL1189,"32.947449,-85.543289",37000,544,142
1770487481,2026-02-07T18:04:41Z,AAL1189,"32.882172,-85.484566",37000,544,142
1770487509,2026-02-07T18:05:09Z,AAL1189,"32.827522,-85.435631",37000,544,142
1770487543,2026-02-07T18:05:43Z,AAL1189,"32.760021,-85.375145",37000,544,142
1770487575,2026-02-07T18:06:15Z,AAL1189,"32.694523,-85.316521",37000,544,142
1770487609,2026-02-07T18:06:49Z,AAL1189,"32.625778,-85.255226",37000,544,142
1770487637,2026-02-07T18:07:17Z,AAL1189,"32.570927,-85.206375",37000,542,143
1770487671,2026-02-07T18:07:51Z,AAL1189,"32.502354,-85.1455",37000,542,143
1770487704,2026-02-07T18:08:24Z,AAL1189,"32.435177,-85.085976",37000,543,143
1770487738,2026-02-07T18:08:58Z,AAL1189,"32.366364,-85.025116",37000,543,143
1770487765,2026-02-07T18:09:25Z,AAL1189,"32.312466,-84.97757",37000,542,143
1770487799,2026-02-07T18:09:59Z,AAL1189,"32.244003,-84.917175",37025,540,143
1770487833,2026-02-07T18:10:33Z,AAL1189,"32.176987,-84.858231",37025,538,143
1770487865,2026-02-07T18:11:05Z,AAL1189,"32.113037,-84.801842",37025,537,143
1770487899,2026-02-07T18:11:39Z,AAL1189,"32.044693,-84.741997",36975,536,143
1770487926,2026-02-07T18:12:06Z,AAL1189,"31.990372,-84.694389",37000,535,143
1770487958,2026-02-07T18:12:38Z,AAL1189,"31.927734,-84.639549",37000,535,143
1770487992,2026-02-07T18:13:12Z,AAL1189,"31.861143,-84.581383",36975,535,143
1770488025,2026-02-07T18:13:45Z,AAL1189,"31.793642,-84.522758",36975,536,143
1770488053,2026-02-07T18:14:13Z,AAL1189,"31.738312,-84.475975",36975,534,146
1770488087,2026-02-07T18:14:47Z,AAL1189,"31.665997,-84.426964",36975,530,153
1770488121,2026-02-07T18:15:21Z,AAL1189,"31.589651,-84.38868",37025,522,159
1770488155,2026-02-07T18:15:55Z,AAL1189,"31.511814,-84.361374",37025,515,166
1770488189,2026-02-07T18:16:29Z,AAL1189,"31.433561,-84.341385",37025,513,167
1770488220,2026-02-07T18:17:00Z,AAL1189,"31.360147,-84.322762",37025,512,167
1770488247,2026-02-07T18:17:27Z,AAL1189,"31.296743,-84.306664",37000,513,167
1770488281,2026-02-07T18:18:01Z,AAL1189,"31.219141,-84.287216",37000,514,167
1770488315,2026-02-07T18:18:35Z,AAL1189,"31.139511,-84.267235",37000,515,167
1770488348,2026-02-07T18:19:08Z,AAL1189,"31.061329,-84.247726",37000,517,167
1770488380,2026-02-07T18:19:40Z,AAL1189,"30.987808,-84.229378",37025,517,167
1770488407,2026-02-07T18:20:07Z,AAL1189,"30.922743,-84.213058",37025,516,167
1770488438,2026-02-07T18:20:38Z,AAL1189,"30.849842,-84.194771",37025,515,167
1770488472,2026-02-07T18:21:12Z,AAL1189,"30.772659,-84.175323",37025,514,167
1770488505,2026-02-07T18:21:45Z,AAL1189,"30.695847,-84.156319",37000,513,167
1770488538,2026-02-07T18:22:18Z,AAL1189,"30.617966,-84.136925",37000,513,167
1770488565,2026-02-07T18:22:45Z,AAL1189,"30.555267,-84.121399",36975,512,167
1770488598,2026-02-07T18:23:18Z,AAL1189,"30.477238,-84.10199",36975,514,166
1770488632,2026-02-07T18:23:52Z,AAL1189,"30.400909,-84.076324",36975,520,160
1770488666,2026-02-07T18:24:26Z,AAL1189,"30.325836,-84.0411",37025,524,154
1770488699,2026-02-07T18:24:59Z,AAL1189,"30.254471,-83.997375",37000,525,149
1770488732,2026-02-07T18:25:32Z,AAL1189,"30.18475,-83.951096",37000,522,150
1770488758,2026-02-07T18:25:58Z,AAL1189,"30.129026,-83.914291",37000,521,150
1770488792,2026-02-07T18:26:32Z,AAL1189,"30.059198,-83.868149",37000,520,150
1770488825,2026-02-07T18:27:05Z,AAL1189,"29.989183,-83.822006",37000,520,150
1770488859,2026-02-07T18:27:39Z,AAL1189,"29.919264,-83.775917",37025,519,150
1770488892,2026-02-07T18:28:12Z,AAL1189,"29.849396,-83.729973",37025,516,150
1770488920,2026-02-07T18:28:40Z,AAL1189,"29.792641,-83.692772",37000,517,150
1770488953,2026-02-07T18:29:13Z,AAL1189,"29.723831,-83.647629",37000,519,150
1770488986,2026-02-07T18:29:46Z,AAL1189,"29.654148,-83.602081",37025,517,150
1770489019,2026-02-07T18:30:19Z,AAL1189,"29.585436,-83.557167",37000,516,150
1770489053,2026-02-07T18:30:53Z,AAL1189,"29.515656,-83.511604",37000,515,150
1770489080,2026-02-07T18:31:20Z,AAL1189,"29.459002,-83.474663",37000,515,150
1770489113,2026-02-07T18:31:53Z,AAL1189,"29.389801,-83.429596",36975,514,150
1770489147,2026-02-07T18:32:27Z,AAL1189,"29.320908,-83.384804",37000,514,150
1770489180,2026-02-07T18:33:00Z,AAL1189,"29.251602,-83.341385",37000,510,153
1770489213,2026-02-07T18:33:33Z,AAL1189,"29.180511,-83.304359",37000,507,155
1770489241,2026-02-07T18:34:01Z,AAL1189,"29.120865,-83.274094",37025,506,155
1770489275,2026-02-07T18:34:35Z,AAL1189,"29.048737,-83.237488",37025,505,156
1770489307,2026-02-07T18:35:07Z,AAL1189,"28.978821,-83.202103",37000,504,155
1770489341,2026-02-07T18:35:41Z,AAL1189,"28.906984,-83.165802",37000,503,156
1770489369,2026-02-07T18:36:09Z,AAL1189,"28.848515,-83.136292",37025,501,156
1770489403,2026-02-07T18:36:43Z,AAL1189,"28.775753,-83.099617",37000,500,156
1770489436,2026-02-07T18:37:16Z,AAL1189,"28.705902,-83.064514",37000,499,156
1770489468,2026-02-07T18:37:48Z,AAL1189,"28.638239,-83.030518",36975,498,156
1770489501,2026-02-07T18:38:21Z,AAL1189,"28.568085,-82.995461",36975,498,156
1770489529,2026-02-07T18:38:49Z,AAL1189,"28.510174,-82.966377",37000,497,155
1770489562,2026-02-07T18:39:22Z,AAL1189,"28.440033,-82.931198",37000,495,156
1770489595,2026-02-07T18:39:55Z,AAL1189,"28.369492,-82.896019",37025,495,156
1770489629,2026-02-07T18:40:29Z,AAL1189,"28.298872,-82.860718",37000,496,156
1770489660,2026-02-07T18:41:00Z,AAL1189,"28.23262,-82.827721",37000,496,156
1770489688,2026-02-07T18:41:28Z,AAL1189,"28.175262,-82.799202",37000,494,156
1770489722,2026-02-07T18:42:02Z,AAL1189,"28.104982,-82.764374",37000,493,156
1770489756,2026-02-07T18:42:36Z,AAL1189,"28.032967,-82.731522",37000,488,161
1770489789,2026-02-07T18:43:09Z,AAL1189,"27.960344,-82.708527",36975,481,167
1770489817,2026-02-07T18:43:37Z,AAL1189,"27.900467,-82.695854",36975,479,170
1770489851,2026-02-07T18:44:11Z,AAL1189,"27.825989,-82.681084",36975,481,170
1770489884,2026-02-07T18:44:44Z,AAL1189,"27.751419,-82.666367",36975,482,170
1770489912,2026-02-07T18:45:12Z,AAL1189,"27.691177,-82.654449",37000,484,170
1770489945,2026-02-07T18:45:45Z,AAL1189,"27.617432,-82.639992",37000,486,170
1770489980,2026-02-07T18:46:20Z,AAL1189,"27.541189,-82.62458",37000,483,168
1770490014,2026-02-07T18:46:54Z,AAL1189,"27.466658,-82.603821",37000,487,164
1770490041,2026-02-07T18:47:21Z,AAL1189,"27.407537,-82.578735",37000,498,154
1770490044,2026-02-07T18:47:24Z,AAL1189,"27.402557,-82.575989",37000,499,153
1770490046,2026-02-07T18:47:26Z,AAL1189,"27.398849,-82.573868",37000,500,152
1770490048,2026-02-07T18:47:28Z,AAL1189,"27.394735,-82.571396",37000,501,151
1770490050,2026-02-07T18:47:30Z,AAL1189,"27.390684,-82.568909",37000,501,151
1770490052,2026-02-07T18:47:32Z,AAL1189,"27.385611,-82.565689",37000,502,150
1770490054,2026-02-07T18:47:34Z,AAL1189,"27.381002,-82.562622",37000,503,149
1770490056,2026-02-07T18:47:36Z,AAL1189,"27.376999,-82.559875",37000,503,148
1770490058,2026-02-07T18:47:38Z,AAL1189,"27.37262,-82.556915",37000,504,148
1770490061,2026-02-07T18:47:41Z,AAL1189,"27.367874,-82.553596",37000,504,148
1770490063,2026-02-07T18:47:43Z,AAL1189,"27.364662,-82.551376",37000,504,148
1770490090,2026-02-07T18:48:10Z,AAL1189,"27.311279,-82.514473",37000,502,148
1770490124,2026-02-07T18:48:44Z,AAL1189,"27.243441,-82.467659",36975,502,148
1770490158,2026-02-07T18:49:18Z,AAL1189,"27.175964,-82.421043",36975,503,148
1770490192,2026-02-07T18:49:52Z,AAL1189,"27.108719,-82.374802",37000,504,148
1770490220,2026-02-07T18:50:20Z,AAL1189,"27.052389,-82.336082",37000,503,148
1770490254,2026-02-07T18:50:54Z,AAL1189,"26.985355,-82.290131",37025,503,148
1770490288,2026-02-07T18:51:28Z,AAL1189,"26.916229,-82.242615",37025,502,148
1770490316,2026-02-07T18:51:56Z,AAL1189,"26.861526,-82.20504",37025,502,148
1770490350,2026-02-07T18:52:30Z,AAL1189,"26.79356,-82.158508",36650,502,148
1770490384,2026-02-07T18:53:04Z,AAL1189,"26.725313,-82.111816",36100,505,148
1770490418,2026-02-07T18:53:38Z,AAL1189,"26.659103,-82.066574",35550,504,148
1770490446,2026-02-07T18:54:06Z,AAL1189,"26.60083,-82.026932",35075,506,148
1770490480,2026-02-07T18:54:40Z,AAL1189,"26.533892,-81.981354",34275,511,148
1770490514,2026-02-07T18:55:14Z,AAL1189,"26.466019,-81.935188",32675,509,148
1770490548,2026-02-07T18:55:48Z,AAL1189,"26.397911,-81.888763",30750,510,148
1770490575,2026-02-07T18:56:15Z,AAL1189,"26.342655,-81.851212",29225,508,148
1770490608,2026-02-07T18:56:48Z,AAL1189,"26.278971,-81.805359",28375,486,142
1770490616,2026-02-07T18:56:56Z,AAL1189,"26.26454,-81.791946",28225,481,138
1770490618,2026-02-07T18:56:58Z,AAL1189,"26.260397,-81.787773",28175,479,137
1770490621,2026-02-07T18:57:01Z,AAL1189,"26.25705,-81.784195",28125,478,136
1770490623,2026-02-07T18:57:03Z,AAL1189,"26.254028,-81.78093",28075,478,135
1770490625,2026-02-07T18:57:05Z,AAL1189,"26.250154,-81.776573",28025,476,134
1770490627,2026-02-07T18:57:07Z,AAL1189,"26.247437,-81.773361",28000,475,133
1770490629,2026-02-07T18:57:09Z,AAL1189,"26.243866,-81.769066",27950,474,132
1770490631,2026-02-07T18:57:11Z,AAL1189,"26.240845,-81.765175",27925,474,131
1770490633,2026-02-07T18:57:13Z,AAL1189,"26.238424,-81.762047",27875,475,129
1770490636,2026-02-07T18:57:16Z,AAL1189,"26.234802,-81.757095",27800,475,128
1770490638,2026-02-07T18:57:18Z,AAL1189,"26.232185,-81.753441",27750,475,128
1770490640,2026-02-07T18:57:20Z,AAL1189,"26.229538,-81.74958",27675,476,127
1770490642,2026-02-07T18:57:22Z,AAL1189,"26.226517,-81.745018",27600,476,126
1770490644,2026-02-07T18:57:24Z,AAL1189,"26.224457,-81.741806",27525,476,125
1770490646,2026-02-07T18:57:26Z,AAL1189,"26.221344,-81.736725",27425,477,124
1770490648,2026-02-07T18:57:28Z,AAL1189,"26.21957,-81.733688",27375,476,123
1770490650,2026-02-07T18:57:30Z,AAL1189,"26.216591,-81.728455",27275,477,122
1770490652,2026-02-07T18:57:32Z,AAL1189,"26.214432,-81.724495",27175,477,120
1770490654,2026-02-07T18:57:34Z,AAL1189,"26.211983,-81.719849",27100,477,120
1770490657,2026-02-07T18:57:37Z,AAL1189,"26.209097,-81.714035",27000,476,118
1770490659,2026-02-07T18:57:39Z,AAL1189,"26.207062,-81.709679",26925,475,117
1770490661,2026-02-07T18:57:41Z,AAL1189,"26.205093,-81.705322",26850,474,116
1770490663,2026-02-07T18:57:43Z,AAL1189,"26.203262,-81.701126",26800,474,115
1770490665,2026-02-07T18:57:45Z,AAL1189,"26.201275,-81.696556",26725,473,115
1770490667,2026-02-07T18:57:47Z,AAL1189,"26.199371,-81.692162",26675,472,115
1770490669,2026-02-07T18:57:49Z,AAL1189,"26.197552,-81.687996",26600,471,115
1770490671,2026-02-07T18:57:51Z,AAL1189,"26.195297,-81.682777",26550,470,115
1770490673,2026-02-07T18:57:53Z,AAL1189,"26.192942,-81.67733",26475,469,115
1770490701,2026-02-07T18:58:21Z,AAL1189,"26.167603,-81.619301",25625,458,115
1770490735,2026-02-07T18:58:55Z,AAL1189,"26.13652,-81.548096",24500,448,115
1770490766,2026-02-07T18:59:26Z,AAL1189,"26.108551,-81.484093",23550,437,115
1770490798,2026-02-07T18:59:58Z,AAL1189,"26.080582,-81.420303",22575,430,115
1770490825,2026-02-07T19:00:25Z,AAL1189,"26.05715,-81.366806",21750,424,115
1770490859,2026-02-07T19:00:59Z,AAL1189,"26.028753,-81.301308",20775,416,115
1770490893,2026-02-07T19:01:33Z,AAL1189,"26.000357,-81.23645",19775,406,115
1770490926,2026-02-07T19:02:06Z,AAL1189,"25.973145,-81.174248",18825,395,115
1770490961,2026-02-07T19:02:41Z,AAL1189,"25.94545,-81.111336",17700,398,115
1770490989,2026-02-07T19:03:09Z,AAL1189,"25.922846,-81.059555",16625,399,115
1770491023,2026-02-07T19:03:43Z,AAL1189,"25.898895,-80.995308",15750,385,110
1770491058,2026-02-07T19:04:18Z,AAL1189,"25.877655,-80.933426",15175,367,110
1770491090,2026-02-07T19:04:50Z,AAL1189,"25.858465,-80.877701",14600,354,110
1770491109,2026-02-07T19:05:09Z,AAL1189,"25.849319,-80.844292",14025,353,98
1770491111,2026-02-07T19:05:11Z,AAL1189,"25.848953,-80.840721",13950,352,96
1770491113,2026-02-07T19:05:13Z,AAL1189,"25.848736,-80.836395",13875,351,93
1770491116,2026-02-07T19:05:16Z,AAL1189,"25.848736,-80.832596",13800,351,90
1770491118,2026-02-07T19:05:18Z,AAL1189,"25.84877,-80.829216",13750,350,88
1770491120,2026-02-07T19:05:20Z,AAL1189,"25.848953,-80.824707",13675,350,87
1770491122,2026-02-07T19:05:22Z,AAL1189,"25.849091,-80.821495",13625,349,87
1770491124,2026-02-07T19:05:24Z,AAL1189,"25.849247,-80.817909",13575,349,86
1770491126,2026-02-07T19:05:26Z,AAL1189,"25.84948,-80.814163",13525,349,86
1770491128,2026-02-07T19:05:28Z,AAL1189,"25.849667,-80.81057",13475,349,86
1770491130,2026-02-07T19:05:30Z,AAL1189,"25.849899,-80.806824",13425,348,86
1770491132,2026-02-07T19:05:32Z,AAL1189,"25.850084,-80.803284",13375,348,86
1770491134,2026-02-07T19:05:34Z,AAL1189,"25.850319,-80.79953",13325,348,86
1770491136,2026-02-07T19:05:36Z,AAL1189,"25.850555,-80.795425",13250,348,86
1770491139,2026-02-07T19:05:39Z,AAL1189,"25.85083,-80.79097",13200,347,86
1770491141,2026-02-07T19:05:41Z,AAL1189,"25.851017,-80.787598",13150,347,86
1770491143,2026-02-07T19:05:43Z,AAL1189,"25.85125,-80.783844",13075,347,86
1770491173,2026-02-07T19:06:13Z,AAL1189,"25.854309,-80.731735",12550,336,86
1770491203,2026-02-07T19:06:43Z,AAL1189,"25.85733,-80.679916",11850,332,86
1770491220,2026-02-07T19:07:00Z,AAL1189,"25.859161,-80.649857",11375,331,86
1770491233,2026-02-07T19:07:13Z,AAL1189,"25.860306,-80.628716",11000,333,87
1770491242,2026-02-07T19:07:22Z,AAL1189,"25.859489,-80.614029",10775,335,98
1770491244,2026-02-07T19:07:24Z,AAL1189,"25.858841,-80.610161",10725,335,101
1770491246,2026-02-07T19:07:26Z,AAL1189,"25.858046,-80.606476",10700,333,104
1770491248,2026-02-07T19:07:28Z,AAL1189,"25.857101,-80.603012",10675,333,106
1770491250,2026-02-07T19:07:30Z,AAL1189,"25.85582,-80.59938",10650,333,110
1770491253,2026-02-07T19:07:33Z,AAL1189,"25.854368,-80.595596",10600,331,114
1770491255,2026-02-07T19:07:35Z,AAL1189,"25.853298,-80.59317",10575,330,115
1770491257,2026-02-07T19:07:37Z,AAL1189,"25.851974,-80.590103",10550,330,116
1770491259,2026-02-07T19:07:39Z,AAL1189,"25.850143,-80.58622",10500,328,117
1770491261,2026-02-07T19:07:41Z,AAL1189,"25.848875,-80.583557",10475,327,117
1770491263,2026-02-07T19:07:43Z,AAL1189,"25.847305,-80.580315",10450,326,118
1770491265,2026-02-07T19:07:45Z,AAL1189,"25.845942,-80.577484",10425,325,118
1770491267,2026-02-07T19:07:47Z,AAL1189,"25.844193,-80.57399",10375,325,118
1770491269,2026-02-07T19:07:49Z,AAL1189,"25.842682,-80.57093",10325,324,118
1770491271,2026-02-07T19:07:51Z,AAL1189,"25.841217,-80.568031",10275,324,118
1770491273,2026-02-07T19:07:53Z,AAL1189,"25.839657,-80.564804",10225,323,118
1770491276,2026-02-07T19:07:56Z,AAL1189,"25.838261,-80.562057",10200,323,118
1770491278,2026-02-07T19:07:58Z,AAL1189,"25.836777,-80.55896",10125,323,118
1770491280,2026-02-07T19:08:00Z,AAL1189,"25.835175,-80.555595",10075,323,118
1770491292,2026-02-07T19:08:12Z,AAL1189,"25.826752,-80.538177",9875,318,117
1770491310,2026-02-07T19:08:30Z,AAL1189,"25.813774,-80.511436",9450,313,118
1770491321,2026-02-07T19:08:41Z,AAL1189,"25.806747,-80.496979",9350,308,118
1770491339,2026-02-07T19:08:59Z,AAL1189,"25.794708,-80.47216",9150,296,118
1770491350,2026-02-07T19:09:10Z,AAL1189,"25.787752,-80.457909",9050,290,118
1770491362,2026-02-07T19:09:22Z,AAL1189,"25.779877,-80.441689",8950,281,118
1770491379,2026-02-07T19:09:39Z,AAL1189,"25.769669,-80.420685",8650,276,118
1770491391,2026-02-07T19:09:51Z,AAL1189,"25.762194,-80.405411",8450,274,118
1770491404,2026-02-07T19:10:04Z,AAL1189,"25.754517,-80.389709",8200,272,118
1770491421,2026-02-07T19:10:21Z,AAL1189,"25.744812,-80.369774",7875,271,118
1770491433,2026-02-07T19:10:33Z,AAL1189,"25.737383,-80.354675",7550,273,118
1770491443,2026-02-07T19:10:43Z,AAL1189,"25.730804,-80.341591",7275,276,119
1770491462,2026-02-07T19:11:02Z,AAL1189,"25.719133,-80.318558",6925,274,118
1770491475,2026-02-07T19:11:15Z,AAL1189,"25.711266,-80.302856",6575,277,118
1770491486,2026-02-07T19:11:26Z,AAL1189,"25.704609,-80.289536",6375,276,118
1770491503,2026-02-07T19:11:43Z,AAL1189,"25.694136,-80.2686",6100,273,119
1770491515,2026-02-07T19:11:55Z,AAL1189,"25.686401,-80.253197",5875,269,119
1770491528,2026-02-07T19:12:08Z,AAL1189,"25.678528,-80.237579",5725,264,118
1770491547,2026-02-07T19:12:27Z,AAL1189,"25.66802,-80.216309",5500,252,118
1770491557,2026-02-07T19:12:37Z,AAL1189,"25.662107,-80.204498",5400,246,118
1770491570,2026-02-07T19:12:50Z,AAL1189,"25.655228,-80.190941",5300,236,119
1770491587,2026-02-07T19:13:07Z,AAL1189,"25.646372,-80.173607",5075,230,119
1770491602,2026-02-07T19:13:22Z,AAL1189,"25.638506,-80.158424",4950,222,120
1770491610,2026-02-07T19:13:30Z,AAL1189,"25.634857,-80.151367",4925,225,119
1770491614,2026-02-07T19:13:34Z,AAL1189,"25.632641,-80.147079",4925,224,120
1770491616,2026-02-07T19:13:36Z,AAL1189,"25.631708,-80.145264",4900,225,120
1770491618,2026-02-07T19:13:38Z,AAL1189,"25.630875,-80.143684",4900,224,120
1770491620,2026-02-07T19:13:40Z,AAL1189,"25.629684,-80.141396",4900,224,120
1770491622,2026-02-07T19:13:42Z,AAL1189,"25.627991,-80.138145",4900,223,119
1770491624,2026-02-07T19:13:44Z,AAL1189,"25.626846,-80.135956",4900,223,119
1770491626,2026-02-07T19:13:46Z,AAL1189,"25.625793,-80.133873",4900,222,119
1770491633,2026-02-07T19:13:53Z,AAL1189,"25.622444,-80.127228",4900,222,118
1770491642,2026-02-07T19:14:02Z,AAL1189,"25.618332,-80.118866",4900,225,118
1770491650,2026-02-07T19:14:10Z,AAL1189,"25.614624,-80.111267",4925,224,118
1770491657,2026-02-07T19:14:17Z,AAL1189,"25.611179,-80.104218",4900,223,119
1770491666,2026-02-07T19:14:26Z,AAL1189,"25.606796,-80.095367",4800,220,118
1770491668,2026-02-07T19:14:28Z,AAL1189,"25.605515,-80.092163",4750,218,113
1770491670,2026-02-07T19:14:30Z,AAL1189,"25.604736,-80.089973",4725,218,110
1770491672,2026-02-07T19:14:32Z,AAL1189,"25.60429,-80.088158",4675,216,106
1770491674,2026-02-07T19:14:34Z,AAL1189,"25.603729,-80.08535",4625,215,102
1770491676,2026-02-07T19:14:36Z,AAL1189,"25.603498,-80.083488",4575,215,98
1770491678,2026-02-07T19:14:38Z,AAL1189,"25.603359,-80.081001",4525,214,94
1770491680,2026-02-07T19:14:40Z,AAL1189,"25.603405,-80.078934",4475,213,89
1770491682,2026-02-07T19:14:42Z,AAL1189,"25.603638,-80.076752",4425,211,84
1770491684,2026-02-07T19:14:44Z,AAL1189,"25.603916,-80.07473",4375,210,77
1770491689,2026-02-07T19:14:49Z,AAL1189,"25.605267,-80.070381",4275,208,70
1770491691,2026-02-07T19:14:51Z,AAL1189,"25.606018,-80.068565",4225,206,63
1770491693,2026-02-07T19:14:53Z,AAL1189,"25.607025,-80.066628",4175,205,61
1770491696,2026-02-07T19:14:56Z,AAL1189,"25.608294,-80.064682",4100,205,61
1770491703,2026-02-07T19:15:03Z,AAL1189,"25.613646,-80.059288",3925,197,36
1770491705,2026-02-07T19:15:05Z,AAL1189,"25.614672,-80.058464",3875,196,34
1770491707,2026-02-07T19:15:07Z,AAL1189,"25.616627,-80.057114",3825,197,32
1770491709,2026-02-07T19:15:09Z,AAL1189,"25.618582,-80.055817",3750,196,30
1770491711,2026-02-07T19:15:11Z,AAL1189,"25.620071,-80.054878",3700,196,29
1770491713,2026-02-07T19:15:13Z,AAL1189,"25.621653,-80.053902",3650,196,29
1770491715,2026-02-07T19:15:15Z,AAL1189,"25.623184,-80.052948",3600,196,29
1770491717,2026-02-07T19:15:17Z,AAL1189,"25.625336,-80.051674",3525,196,28
1770491720,2026-02-07T19:15:20Z,AAL1189,"25.627029,-80.050659",3475,197,28
1770491722,2026-02-07T19:15:22Z,AAL1189,"25.628544,-80.049759",3425,197,28
1770491724,2026-02-07T19:15:24Z,AAL1189,"25.630451,-80.048668",3375,197,27
1770491726,2026-02-07T19:15:26Z,AAL1189,"25.632174,-80.047783",3325,196,24
1770491732,2026-02-07T19:15:32Z,AAL1189,"25.636322,-80.046333",3200,196,14
1770491734,2026-02-07T19:15:34Z,AAL1189,"25.638382,-80.045982",3125,194,9
1770491736,2026-02-07T19:15:36Z,AAL1189,"25.639576,-80.045921",3100,193,3
1770491739,2026-02-07T19:15:39Z,AAL1189,"25.642914,-80.046082",3025,192,355
1770491741,2026-02-07T19:15:41Z,AAL1189,"25.644745,-80.046539",3000,190,349
1770491744,2026-02-07T19:15:44Z,AAL1189,"25.646746,-80.047218",2975,188,341
1770491746,2026-02-07T19:15:46Z,AAL1189,"25.648514,-80.048042",2950,186,336
1770491748,2026-02-07T19:15:48Z,AAL1189,"25.650146,-80.049034",2925,183,331
1770491750,2026-02-07T19:15:50Z,AAL1189,"25.651611,-80.04995",2925,182,330
1770491752,2026-02-07T19:15:52Z,AAL1189,"25.653728,-80.051414",2900,178,327
1770491754,2026-02-07T19:15:54Z,AAL1189,"25.65517,-80.052452",2900,176,327
1770491756,2026-02-07T19:15:56Z,AAL1189,"25.656614,-80.05349",2900,176,326
1770491759,2026-02-07T19:15:59Z,AAL1189,"25.658157,-80.054626",2900,175,326
1770491761,2026-02-07T19:16:01Z,AAL1189,"25.659164,-80.055389",2900,173,326
1770491763,2026-02-07T19:16:03Z,AAL1189,"25.661177,-80.056854",2900,173,325
1770491765,2026-02-07T19:16:05Z,AAL1189,"25.662415,-80.057831",2900,172,324
1770491767,2026-02-07T19:16:07Z,AAL1189,"25.663736,-80.058876",2900,172,324
1770491771,2026-02-07T19:16:11Z,AAL1189,"25.666168,-80.060829",2900,172,325
1770491774,2026-02-07T19:16:14Z,AAL1189,"25.668114,-80.062347",2900,171,324
1770491777,2026-02-07T19:16:17Z,AAL1189,"25.669556,-80.063477",2900,171,325
1770491779,2026-02-07T19:16:19Z,AAL1189,"25.671204,-80.064796",2900,171,325
1770491781,2026-02-07T19:16:21Z,AAL1189,"25.672487,-80.065765",2900,169,325
1770491783,2026-02-07T19:16:23Z,AAL1189,"25.673767,-80.06678",2900,168,324
1770491785,2026-02-07T19:16:25Z,AAL1189,"25.67491,-80.067787",2900,167,322
1770491787,2026-02-07T19:16:27Z,AAL1189,"25.675514,-80.068359",2900,167,321
1770491789,2026-02-07T19:16:29Z,AAL1189,"25.676493,-80.06929",2900,166,318
1770491791,2026-02-07T19:16:31Z,AAL1189,"25.677979,-80.0709",2900,166,316
1770491793,2026-02-07T19:16:33Z,AAL1189,"25.679052,-80.072144",2900,166,313
1770491795,2026-02-07T19:16:35Z,AAL1189,"25.680216,-80.073593",2900,166,311
1770491797,2026-02-07T19:16:37Z,AAL1189,"25.680908,-80.074615",2900,166,308
1770491799,2026-02-07T19:16:39Z,AAL1189,"25.682053,-80.076294",2900,165,306
1770491801,2026-02-07T19:16:41Z,AAL1189,"25.682917,-80.07769",2900,165,305
1770491803,2026-02-07T19:16:43Z,AAL1189,"25.683746,-80.079041",2900,165,303
1770491805,2026-02-07T19:16:45Z,AAL1189,"25.684845,-80.080971",2900,165,302
1770491807,2026-02-07T19:16:47Z,AAL1189,"25.685802,-80.082718",2900,165,302
1770491809,2026-02-07T19:16:49Z,AAL1189,"25.686455,-80.083855",2900,165,302
1770491813,2026-02-07T19:16:53Z,AAL1189,"25.687958,-80.086418",2900,165,302
1770491815,2026-02-07T19:16:55Z,AAL1189,"25.688736,-80.087791",2900,166,302
1770491817,2026-02-07T19:16:57Z,AAL1189,"25.689285,-80.088806",2900,166,302
1770491819,2026-02-07T19:16:59Z,AAL1189,"25.690411,-80.090851",2900,166,302
1770491821,2026-02-07T19:17:01Z,AAL1189,"25.691202,-80.092201",2900,166,302
1770491823,2026-02-07T19:17:03Z,AAL1189,"25.692123,-80.093895",2900,166,302
1770491825,2026-02-07T19:17:05Z,AAL1189,"25.692598,-80.094734",2900,166,302
1770491827,2026-02-07T19:17:07Z,AAL1189,"25.693771,-80.09684",2900,165,301
1770491833,2026-02-07T19:17:13Z,AAL1189,"25.696136,-80.101265",2900,164,299
1770491842,2026-02-07T19:17:22Z,AAL1189,"25.699535,-80.107948",2900,165,299
1770491846,2026-02-07T19:17:26Z,AAL1189,"25.701004,-80.110779",2900,164,299
1770491848,2026-02-07T19:17:28Z,AAL1189,"25.701817,-80.112358",2900,164,299
1770491853,2026-02-07T19:17:33Z,AAL1189,"25.703339,-80.115356",2900,167,300
1770491855,2026-02-07T19:17:35Z,AAL1189,"25.704098,-80.11676",2900,167,300
1770491857,2026-02-07T19:17:37Z,AAL1189,"25.704889,-80.118317",2900,168,300
1770491859,2026-02-07T19:17:39Z,AAL1189,"25.705673,-80.119728",2900,170,300
1770491861,2026-02-07T19:17:41Z,AAL1189,"25.706589,-80.12146",2900,171,300
1770491868,2026-02-07T19:17:48Z,AAL1189,"25.709381,-80.126854",2900,171,300
1770491874,2026-02-07T19:17:54Z,AAL1189,"25.712011,-80.131943",2850,170,299
1770491881,2026-02-07T19:18:01Z,AAL1189,"25.714554,-80.136871",2800,171,299
1770491887,2026-02-07T19:18:07Z,AAL1189,"25.71698,-80.141701",2700,170,299
1770491898,2026-02-07T19:18:18Z,AAL1189,"25.72123,-80.149979",2525,171,299
1770491907,2026-02-07T19:18:27Z,AAL1189,"25.724209,-80.155937",2375,172,300
1770491909,2026-02-07T19:18:29Z,AAL1189,"25.724998,-80.15744",2350,172,300
1770491911,2026-02-07T19:18:31Z,AAL1189,"25.726044,-80.159454",2300,172,300
1770491913,2026-02-07T19:18:33Z,AAL1189,"25.726814,-80.160912",2275,171,300
1770491919,2026-02-07T19:18:39Z,AAL1189,"25.729464,-80.165619",2175,170,299
1770491925,2026-02-07T19:18:45Z,AAL1189,"25.731859,-80.170258",2075,168,299
1770491935,2026-02-07T19:18:55Z,AAL1189,"25.735519,-80.17791",1975,166,300
1770491939,2026-02-07T19:18:59Z,AAL1189,"25.736917,-80.180603",1925,165,299
1770491941,2026-02-07T19:19:01Z,AAL1189,"25.737707,-80.182159",1900,165,299
1770491943,2026-02-07T19:19:03Z,AAL1189,"25.738592,-80.183975",1875,165,299
1770491945,2026-02-07T19:19:05Z,AAL1189,"25.739244,-80.185219",1875,165,300
1770491947,2026-02-07T19:19:07Z,AAL1189,"25.740175,-80.186981",1825,166,300
1770491949,2026-02-07T19:19:09Z,AAL1189,"25.740784,-80.188141",1800,165,300
1770491951,2026-02-07T19:19:11Z,AAL1189,"25.741713,-80.18988",1775,165,299
1770491953,2026-02-07T19:19:13Z,AAL1189,"25.742432,-80.191345",1725,166,298
1770491955,2026-02-07T19:19:15Z,AAL1189,"25.743027,-80.192619",1675,166,298
1770491957,2026-02-07T19:19:17Z,AAL1189,"25.7439,-80.194389",1625,165,298
1770491959,2026-02-07T19:19:19Z,AAL1189,"25.744783,-80.196205",1575,166,297
1770491961,2026-02-07T19:19:21Z,AAL1189,"25.745481,-80.197601",1550,165,298
1770491963,2026-02-07T19:19:23Z,AAL1189,"25.746273,-80.199265",1500,165,298
1770491965,2026-02-07T19:19:25Z,AAL1189,"25.747009,-80.200706",1450,161,299
1770491967,2026-02-07T19:19:27Z,AAL1189,"25.747787,-80.202232",1450,159,299
1770491969,2026-02-07T19:19:29Z,AAL1189,"25.748566,-80.203758",1425,158,299
1770491976,2026-02-07T19:19:36Z,AAL1189,"25.75058,-80.207672",1375,152,300
1770491978,2026-02-07T19:19:38Z,AAL1189,"25.751266,-80.208992",1375,150,300
1770491980,2026-02-07T19:19:40Z,AAL1189,"25.752001,-80.210304",1350,147,300
1770491982,2026-02-07T19:19:42Z,AAL1189,"25.752651,-80.211594",1325,145,301
1770491984,2026-02-07T19:19:44Z,AAL1189,"25.753281,-80.212708",1300,142,301
1770491986,2026-02-07T19:19:46Z,AAL1189,"25.754047,-80.214035",1275,139,301
1770491988,2026-02-07T19:19:48Z,AAL1189,"25.7547,-80.215279",1250,138,301
1770491994,2026-02-07T19:19:54Z,AAL1189,"25.756687,-80.218582",1175,133,300
1770492000,2026-02-07T19:20:00Z,AAL1189,"25.758387,-80.222122",1125,131,299
1770492006,2026-02-07T19:20:06Z,AAL1189,"25.760303,-80.225777",1025,129,300
1770492013,2026-02-07T19:20:13Z,AAL1189,"25.762482,-80.230156",950,128,300
1770492015,2026-02-07T19:20:15Z,AAL1189,"25.762894,-80.231018",925,127,300
1770492017,2026-02-07T19:20:17Z,AAL1189,"25.763718,-80.232544",900,126,300
1770492019,2026-02-07T19:20:19Z,AAL1189,"25.764313,-80.233665",875,127,301
1770492021,2026-02-07T19:20:21Z,AAL1189,"25.764803,-80.23455",850,128,301
1770492023,2026-02-07T19:20:23Z,AAL1189,"25.765499,-80.235901",825,129,300
1770492025,2026-02-07T19:20:25Z,AAL1189,"25.765825,-80.236526",800,129,300
1770492027,2026-02-07T19:20:27Z,AAL1189,"25.766373,-80.237633",775,129,299
1770492029,2026-02-07T19:20:29Z,AAL1189,"25.766989,-80.2388",750,129,299
1770492031,2026-02-07T19:20:31Z,AAL1189,"25.767874,-80.240616",725,130,298
1770492033,2026-02-07T19:20:33Z,AAL1189,"25.768524,-80.241905",700,130,299
1770492035,2026-02-07T19:20:35Z,AAL1189,"25.769165,-80.243073",675,131,299
1770492043,2026-02-07T19:20:43Z,AAL1189,"25.771366,-80.247353",575,131,299
1770492045,2026-02-07T19:20:45Z,AAL1189,"25.77211,-80.248856",550,131,298
1770492047,2026-02-07T19:20:47Z,AAL1189,"25.772781,-80.250244",525,130,298
1770492053,2026-02-07T19:20:53Z,AAL1189,"25.774485,-80.253731",475,129,298
1770492064,2026-02-07T19:21:04Z,AAL1189,"25.777267,-80.2593",375,130,301
1770492067,2026-02-07T19:21:07Z,AAL1189,"25.77832,-80.261177",325,131,300
1770492069,2026-02-07T19:21:09Z,AAL1189,"25.779053,-80.262657",300,130,299
1770492071,2026-02-07T19:21:11Z,AAL1189,"25.779739,-80.263977",275,129,299
1770492073,2026-02-07T19:21:13Z,AAL1189,"25.780243,-80.264992",250,128,299
1770492075,2026-02-07T19:21:15Z,AAL1189,"25.780815,-80.266167",250,128,299
1770492077,2026-02-07T19:21:17Z,AAL1189,"25.781433,-80.267281",225,128,299
1770492079,2026-02-07T19:21:19Z,AAL1189,"25.782211,-80.268806",200,129,299
1770492081,2026-02-07T19:21:21Z,AAL1189,"25.782761,-80.269875",175,129,299
1770492083,2026-02-07T19:21:23Z,AAL1189,"25.783264,-80.270897",150,129,299
1770492086,2026-02-07T19:21:26Z,AAL1189,"25.784027,-80.272385",125,129,299
1770492088,2026-02-07T19:21:28Z,AAL1189,"25.784592,-80.273491",100,128,299
1770492090,2026-02-07T19:21:30Z,AAL1189,"25.785187,-80.274712",75,129,299
1770492097,2026-02-07T19:21:37Z,AAL1189,"25.787292,-80.278831",0,129,299
1770492108,2026-02-07T19:21:48Z,AAL1189,"25.790739,-80.285652",0,128,298
1770492116,2026-02-07T19:21:56Z,AAL1189,"25.792801,-80.289673",0,104,298
1770492124,2026-02-07T19:22:04Z,AAL1189,"25.794279,-80.292458",0,68,300
1770492128,2026-02-07T19:22:08Z,AAL1189,"25.79471,-80.29335",0,47,298
1770492131,2026-02-07T19:22:11Z,AAL1189,"25.79488,-80.293617",0,34,302
1770492132,2026-02-07T19:22:12Z,AAL1189,"25.79505,-80.293861",0,29,305
1770492135,2026-02-07T19:22:15Z,AAL1189,"25.7953,-80.294098",0,22,316
1770492139,2026-02-07T19:22:19Z,AAL1189,"25.79563,-80.294373",0,20,327
1770492142,2026-02-07T19:22:22Z,AAL1189,"25.79586,-80.294502",0,18,333
1770492146,2026-02-07T19:22:26Z,AAL1189,"25.796181,-80.294548",0,17,353
1770492149,2026-02-07T19:22:29Z,AAL1189,"25.79644,-80.294579",0,18,355
1770492153,2026-02-07T19:22:33Z,AAL1189,"25.796749,-80.294548",0,17,2
1770492156,2026-02-07T19:22:36Z,AAL1189,"25.796949,-80.294456",0,16,13
1770492160,2026-02-07T19:22:40Z,AAL1189,"25.797159,-80.294212",0,17,42
1770492164,2026-02-07T19:22:44Z,AAL1189,"25.79718,-80.293861",0,17,82
1770492167,2026-02-07T19:22:47Z,AAL1189,"25.79706,-80.293602",0,19,111
1770492171,2026-02-07T19:22:51Z,AAL1189,"25.796909,-80.29332",0,18,124
1770492176,2026-02-07T19:22:56Z,AAL1189,"25.79674,-80.292938",0,17,119
1770492179,2026-02-07T19:22:59Z,AAL1189,"25.79661,-80.292717",0,18,120
1770492182,2026-02-07T19:23:02Z,AAL1189,"25.796511,-80.292488",0,17,118
1770492188,2026-02-07T19:23:08Z,AAL1189,"25.79636,-80.292229",0,9,120
1770492193,2026-02-07T19:23:13Z,AAL1189,"25.796261,-80.292007",0,9,118
1770492201,2026-02-07T19:23:21Z,AAL1189,"25.796141,-80.291786",0,7,119
1770492213,2026-02-07T19:23:33Z,AAL1189,"25.796021,-80.29158",0,4,123
1770492221,2026-02-07T19:23:41Z,AAL1189,"25.795931,-80.291351",0,7,115
1770492228,2026-02-07T19:23:48Z,AAL1189,"25.795759,-80.291031",0,13,117
1770492232,2026-02-07T19:23:52Z,AAL1189,"25.79563,-80.290787",0,14,120
1770492236,2026-02-07T19:23:56Z,AAL1189,"25.795469,-80.290497",0,17,121
1770492240,2026-02-07T19:24:00Z,AAL1189,"25.795321,-80.290169",0,18,117
1770492243,2026-02-07T19:24:03Z,AAL1189,"25.7952,-80.289886",0,19,116
1770492246,2026-02-07T19:24:06Z,AAL1189,"25.795,-80.289528",0,21,119
1770492250,2026-02-07T19:24:10Z,AAL1189,"25.794849,-80.289253",0,21,119
1770492253,2026-02-07T19:24:13Z,AAL1189,"25.79467,-80.288902",0,20,119
1770492256,2026-02-07T19:24:16Z,AAL1189,"25.79454,-80.288651",0,19,119
1770492259,2026-02-07T19:24:19Z,AAL1189,"25.7945,-80.288399",0,18,108
1770492261,2026-02-07T19:24:21Z,AAL1189,"25.794559,-80.288193",0,18,88
1770492266,2026-02-07T19:24:26Z,AAL1189,"25.794901,-80.287979",0,21,36
1770492269,2026-02-07T19:24:29Z,AAL1189,"25.795259,-80.288033",0,21,356
1770492273,2026-02-07T19:24:33Z,AAL1189,"25.79549,-80.288078",0,19,346
1770492276,2026-02-07T19:24:36Z,AAL1189,"25.79574,-80.288048",0,19,358
1770492278,2026-02-07T19:24:38Z,AAL1189,"25.79604,-80.288071",0,21,357
1770492282,2026-02-07T19:24:42Z,AAL1189,"25.7964,-80.288109",0,20,355
1770492286,2026-02-07T19:24:46Z,AAL1189,"25.79677,-80.288116",0,20,357
1770492288,2026-02-07T19:24:48Z,AAL1189,"25.79698,-80.288132",0,21,357
1770492290,2026-02-07T19:24:50Z,AAL1189,"25.79719,-80.288139",0,22,357
1770492294,2026-02-07T19:24:54Z,AAL1189,"25.79747,-80.288132",0,21,359
1770492295,2026-02-07T19:24:55Z,AAL1189,"25.79767,-80.288147",0,21,357
1770492299,2026-02-07T19:24:59Z,AAL1189,"25.79804,-80.288177",0,20,357
1770492301,2026-02-07T19:25:01Z,AAL1189,"25.798241,-80.288193",0,21,357
1770492304,2026-02-07T19:25:04Z,AAL1189,"25.798531,-80.2882",0,20,358
1770492308,2026-02-07T19:25:08Z,AAL1189,"25.79882,-80.288223",0,17,356
1770492311,2026-02-07T19:25:11Z,AAL1189,"25.79903,-80.288162",0,16,9
1770492314,2026-02-07T19:25:14Z,AAL1189,"25.79924,-80.287956",0,18,35
1770492317,2026-02-07T19:25:17Z,AAL1189,"25.79933,-80.287727",0,18,60
1770492320,2026-02-07T19:25:20Z,AAL1189,"25.79937,-80.287468",0,18,79
1770492324,2026-02-07T19:25:24Z,AAL1189,"25.79936,-80.287117",0,18,94
1770492328,2026-02-07T19:25:28Z,AAL1189,"25.79937,-80.286842",0,18,90
1770492330,2026-02-07T19:25:30Z,AAL1189,"25.7994,-80.286568",0,18,86
1770492333,2026-02-07T19:25:33Z,AAL1189,"25.799419,-80.286301",0,18,86
1770492337,2026-02-07T19:25:37Z,AAL1189,"25.799431,-80.285919",0,18,88
1770492341,2026-02-07T19:25:41Z,AAL1189,"25.799431,-80.285553",0,18,87
1770492345,2026-02-07T19:25:45Z,AAL1189,"25.79944,-80.285233",0,16,88
1770492349,2026-02-07T19:25:49Z,AAL1189,"25.799459,-80.285011",0,15,85
1770492352,2026-02-07T19:25:52Z,AAL1189,"25.79949,-80.284729",0,14,84
1770492357,2026-02-07T19:25:57Z,AAL1189,"25.79941,-80.284462",0,11,101
1770492364,2026-02-07T19:26:04Z,AAL1189,"25.799179,-80.284264",0,10,136
1770492368,2026-02-07T19:26:08Z,AAL1189,"25.798969,-80.284157",0,12,147
1770492374,2026-02-07T19:26:14Z,AAL1189,"25.79867,-80.284142",0,11,170
1770492378,2026-02-07T19:26:18Z,AAL1189,"25.798441,-80.284142",0,10,174
1770492389,2026-02-07T19:26:29Z,AAL1189,"25.798187,-80.284134",0,3,177
